REM INSERTING into ATAF_PROJECT
SET DEFINE OFF;

----------
-- ATAF --
----------
Insert into ATAF_PROJECT (PROJECT_ID,PROJECT_NAME,APPLICATION_ID,DOMAIN,LOGIN_PAGE,VERSION,LAST_UPDATED_DATE,LAST_UPDATED_BY,ACCESS_RESTRICTIONS,OWNER,UPLOAD_RESULTS_SCRIPT,PRE_UPLOAD_SCRIPT,POST_UPLOAD_SCRIPT) values (9714,'ATAF',108,'http://127.0.0.1:8080/',null,null,to_date('16-SEP-16','DD-MON-RR'),'ADMIN_USER',null,'ADMIN_USER',null,null,null);

Insert into ATAF_MODULE (MODULE_ID,MODULE,PROJECT_ID,MODULE_REF_ID,LAST_UPDATED_DATE,LAST_UPDATED_BY) values (9715,'General',9714,null,to_date('16-SEP-16','DD-MON-RR'),'SHUNT');
Insert into ATAF_MODULE (MODULE_ID,MODULE,PROJECT_ID,MODULE_REF_ID,LAST_UPDATED_DATE,LAST_UPDATED_BY) values (9719,'Actions',9714,null,to_date('16-SEP-16','DD-MON-RR'),'SHUNT');
Insert into ATAF_MODULE (MODULE_ID,MODULE,PROJECT_ID,MODULE_REF_ID,LAST_UPDATED_DATE,LAST_UPDATED_BY) values (9717,'Projects',9714,null,to_date('16-SEP-16','DD-MON-RR'),'SHUNT');
Insert into ATAF_MODULE (MODULE_ID,MODULE,PROJECT_ID,MODULE_REF_ID,LAST_UPDATED_DATE,LAST_UPDATED_BY) values (9723,'Custom Items',9714,null,to_date('16-SEP-16','DD-MON-RR'),'SHUNT');
Insert into ATAF_MODULE (MODULE_ID,MODULE,PROJECT_ID,MODULE_REF_ID,LAST_UPDATED_DATE,LAST_UPDATED_BY) values (9721,'Test Data',9714,null,to_date('16-SEP-16','DD-MON-RR'),'SHUNT');

Insert into ATAF_ACTION (ACTION_ID,ITEM_TYPE,ACTION,PROJECT_ID,LAST_UPDATED_BY,LAST_UPDATED_DATE,ROW_KEY,SCRIPT,DATA_YN,NOTES,AND_WAIT) values (81303724341963808930814904523080146603,'Outcome','Refresh IR',9714,'SHUNT',to_date('23-SEP-16','DD-MON-RR'),'AHZ4','Interactive Report refreshes',null,null,null);

Insert into ATAF_SELENIUM (SELENIUM_ID,SELENIUM_COMMAND,ACTION_ID,DATA_YN,LOCATION,TARGET,ITEM_ATTRIBUTE,ROW_KEY,SORT_ORDER,LAST_UPDATED_DATE,LAST_UPDATED_BY,ROW_VERSION_NUMBER,THEME_NUMBER) values (81303724341965017856634519152254852779,'waitForElementNotPresent',81303724341963808930814904523080146603,'N',null,'//span[contains(., ''Processing'')]',null,'AHZ5',1,to_date('23-SEP-16','DD-MON-RR'),'SHUNT',2,42);
Insert into ATAF_SELENIUM (SELENIUM_ID,SELENIUM_COMMAND,ACTION_ID,DATA_YN,LOCATION,TARGET,ITEM_ATTRIBUTE,ROW_KEY,SORT_ORDER,LAST_UPDATED_DATE,LAST_UPDATED_BY,ROW_VERSION_NUMBER,THEME_NUMBER) values (81303724341966226782454133781429558955,'pause',81303724341963808930814904523080146603,'N',null,'1000',null,'AHZ6',0,to_date('23-SEP-16','DD-MON-RR'),'SHUNT',2,42);

Insert into ATAF_TEST_DATA (TEST_DATA_ID,DATA_NAME,PROJECT_ID,LAST_UPDATED_DATE,LAST_UPDATED_BY,ROW_KEY,DEFAULT_DATA_GROUP_ID) values (80980042016467165343790679352587662640,'Conditions',9714,to_date('20-SEP-16','DD-MON-RR'),'SHUNT','AHZC',null);
Insert into ATAF_TEST_DATA (TEST_DATA_ID,DATA_NAME,PROJECT_ID,LAST_UPDATED_DATE,LAST_UPDATED_BY,ROW_KEY,DEFAULT_DATA_GROUP_ID) values (80591115633260347144896121120216155916,'Project',9714,to_date('16-SEP-16','DD-MON-RR'),'SHUNT','AHSP',null);
Insert into ATAF_TEST_DATA (TEST_DATA_ID,DATA_NAME,PROJECT_ID,LAST_UPDATED_DATE,LAST_UPDATED_BY,ROW_KEY,DEFAULT_DATA_GROUP_ID) values (80591115633261556070715735749390862092,'Specification',9714,to_date('16-SEP-16','DD-MON-RR'),'SHUNT','AHSW',null);
Insert into ATAF_TEST_DATA (TEST_DATA_ID,DATA_NAME,PROJECT_ID,LAST_UPDATED_DATE,LAST_UPDATED_BY,ROW_KEY,DEFAULT_DATA_GROUP_ID) values (80591115633262764996535350378565568268,'Case',9714,to_date('16-SEP-16','DD-MON-RR'),'SHUNT','AHS3',null);
Insert into ATAF_TEST_DATA (TEST_DATA_ID,DATA_NAME,PROJECT_ID,LAST_UPDATED_DATE,LAST_UPDATED_BY,ROW_KEY,DEFAULT_DATA_GROUP_ID) values (80591115633263973922354965007740274444,'Action',9714,to_date('16-SEP-16','DD-MON-RR'),'SHUNT','AHTC',null);
Insert into ATAF_TEST_DATA (TEST_DATA_ID,DATA_NAME,PROJECT_ID,LAST_UPDATED_DATE,LAST_UPDATED_BY,ROW_KEY,DEFAULT_DATA_GROUP_ID) values (80591115633265182848174579636914980620,'Test Data',9714,to_date('16-SEP-16','DD-MON-RR'),'SHUNT','AHTQ',null);
Insert into ATAF_TEST_DATA (TEST_DATA_ID,DATA_NAME,PROJECT_ID,LAST_UPDATED_DATE,LAST_UPDATED_BY,ROW_KEY,DEFAULT_DATA_GROUP_ID) values (80596399521582729207778285598356612651,'Module',9714,to_date('16-SEP-16','DD-MON-RR'),'SHUNT','AHVK',null);
Insert into ATAF_TEST_DATA (TEST_DATA_ID,DATA_NAME,PROJECT_ID,LAST_UPDATED_DATE,LAST_UPDATED_BY,ROW_KEY,DEFAULT_DATA_GROUP_ID) values (80592143522823018077324075415780039610,'Users',9714,to_date('16-SEP-16','DD-MON-RR'),'SHUNT','AHSF',null);
Insert into ATAF_TEST_DATA (TEST_DATA_ID,DATA_NAME,PROJECT_ID,LAST_UPDATED_DATE,LAST_UPDATED_BY,ROW_KEY,DEFAULT_DATA_GROUP_ID) values (80594902022765387032518135448744614243,'Bulk Data',9714,to_date('16-SEP-16','DD-MON-RR'),'SHUNT','AHTX',null);
Insert into ATAF_TEST_DATA (TEST_DATA_ID,DATA_NAME,PROJECT_ID,LAST_UPDATED_DATE,LAST_UPDATED_BY,ROW_KEY,DEFAULT_DATA_GROUP_ID) values (80594902022766595958337750077919320419,'Custom Item',9714,to_date('16-SEP-16','DD-MON-RR'),'SHUNT','AHT7',null);
Insert into ATAF_TEST_DATA (TEST_DATA_ID,DATA_NAME,PROJECT_ID,LAST_UPDATED_DATE,LAST_UPDATED_BY,ROW_KEY,DEFAULT_DATA_GROUP_ID) values (82979256914284835665314223012137259745,'Selenium',9714,null,null,'AI13',null);

Insert into ATAF_DATA_ITEM (DATA_ITEM_ID,DATA_ITEM_NAME,DATA_ITEM_VALUE,DATA_ATTRIBUTE,TEST_DATA_ID,LAST_UPDATED_DATE,LAST_UPDATED_BY,ROW_KEY,DATA_FUNCTION,RANDOM_DATA,PARAMETER1,PARAMETER2) values (80980042016468374269610293981762368816,'From Page','1',0,80980042016467165343790679352587662640,to_date('20-SEP-16','DD-MON-RR'),'SHUNT','AHZL',null,null,null,null);
Insert into ATAF_DATA_ITEM (DATA_ITEM_ID,DATA_ITEM_NAME,DATA_ITEM_VALUE,DATA_ATTRIBUTE,TEST_DATA_ID,LAST_UPDATED_DATE,LAST_UPDATED_BY,ROW_KEY,DATA_FUNCTION,RANDOM_DATA,PARAMETER1,PARAMETER2) values (80980042016469583195429908610937074992,'Action','index=1',1,80980042016467165343790679352587662640,to_date('20-SEP-16','DD-MON-RR'),'SHUNT','AHZO',null,null,null,null);
Insert into ATAF_DATA_ITEM (DATA_ITEM_ID,DATA_ITEM_NAME,DATA_ITEM_VALUE,DATA_ATTRIBUTE,TEST_DATA_ID,LAST_UPDATED_DATE,LAST_UPDATED_BY,ROW_KEY,DATA_FUNCTION,RANDOM_DATA,PARAMETER1,PARAMETER2) values (81303445187892404221010871977476733846,'Outcome','index=1',2,80980042016467165343790679352587662640,to_date('23-SEP-16','DD-MON-RR'),'SHUNT','AHZW',null,null,null,null);
Insert into ATAF_DATA_ITEM (DATA_ITEM_ID,DATA_ITEM_NAME,DATA_ITEM_VALUE,DATA_ATTRIBUTE,TEST_DATA_ID,LAST_UPDATED_DATE,LAST_UPDATED_BY,ROW_KEY,DATA_FUNCTION,RANDOM_DATA,PARAMETER1,PARAMETER2) values (80594902022767804884157364707094026595,'Project Name','ATAF Test Project UUUNNN',0,80591115633260347144896121120216155916,to_date('16-SEP-16','DD-MON-RR'),'SHUNT','AHUQ',14,null,null,null);
Insert into ATAF_DATA_ITEM (DATA_ITEM_ID,DATA_ITEM_NAME,DATA_ITEM_VALUE,DATA_ATTRIBUTE,TEST_DATA_ID,LAST_UPDATED_DATE,LAST_UPDATED_BY,ROW_KEY,DATA_FUNCTION,RANDOM_DATA,PARAMETER1,PARAMETER2) values (80600394678413697347218620352344440628,'Test Type','index=2',1,80591115633261556070715735749390862092,to_date('16-SEP-16','DD-MON-RR'),'SHUNT','AHWT',null,null,null,null);
Insert into ATAF_DATA_ITEM (DATA_ITEM_ID,DATA_ITEM_NAME,DATA_ITEM_VALUE,DATA_ATTRIBUTE,TEST_DATA_ID,LAST_UPDATED_DATE,LAST_UPDATED_BY,ROW_KEY,DATA_FUNCTION,RANDOM_DATA,PARAMETER1,PARAMETER2) values (80600360221180134425652805991331653517,'Specification Name','ATAF Test Spec UUUNNN',0,80591115633261556070715735749390862092,to_date('16-SEP-16','DD-MON-RR'),'SHUNT','AHWQ',14,null,null,null);
Insert into ATAF_DATA_ITEM (DATA_ITEM_ID,DATA_ITEM_NAME,DATA_ITEM_VALUE,DATA_ATTRIBUTE,TEST_DATA_ID,LAST_UPDATED_DATE,LAST_UPDATED_BY,ROW_KEY,DATA_FUNCTION,RANDOM_DATA,PARAMETER1,PARAMETER2) values (80600360221181343351472420620506359693,'Automate','0',2,80591115633261556070715735749390862092,to_date('16-SEP-16','DD-MON-RR'),'SHUNT','AHWW',null,null,null,null);
Insert into ATAF_DATA_ITEM (DATA_ITEM_ID,DATA_ITEM_NAME,DATA_ITEM_VALUE,DATA_ATTRIBUTE,TEST_DATA_ID,LAST_UPDATED_DATE,LAST_UPDATED_BY,ROW_KEY,DATA_FUNCTION,RANDOM_DATA,PARAMETER1,PARAMETER2) values (80600360221182552277292035249681065869,'Module','index=2',3,80591115633261556070715735749390862092,to_date('16-SEP-16','DD-MON-RR'),'SHUNT','AHWZ',null,null,null,null);
Insert into ATAF_DATA_ITEM (DATA_ITEM_ID,DATA_ITEM_NAME,DATA_ITEM_VALUE,DATA_ATTRIBUTE,TEST_DATA_ID,LAST_UPDATED_DATE,LAST_UPDATED_BY,ROW_KEY,DATA_FUNCTION,RANDOM_DATA,PARAMETER1,PARAMETER2) values (80600360221183761203111649878855772045,'Order','1',4,80591115633261556070715735749390862092,to_date('16-SEP-16','DD-MON-RR'),'SHUNT','AHW2',null,null,null,null);
Insert into ATAF_DATA_ITEM (DATA_ITEM_ID,DATA_ITEM_NAME,DATA_ITEM_VALUE,DATA_ATTRIBUTE,TEST_DATA_ID,LAST_UPDATED_DATE,LAST_UPDATED_BY,ROW_KEY,DATA_FUNCTION,RANDOM_DATA,PARAMETER1,PARAMETER2) values (80600394678414906273038234981519146804,'Test Case','ATAF Test Case UUUNNN',0,80591115633262764996535350378565568268,to_date('16-SEP-16','DD-MON-RR'),'SHUNT','AHXP',14,null,null,null);
Insert into ATAF_DATA_ITEM (DATA_ITEM_ID,DATA_ITEM_NAME,DATA_ITEM_VALUE,DATA_ATTRIBUTE,TEST_DATA_ID,LAST_UPDATED_DATE,LAST_UPDATED_BY,ROW_KEY,DATA_FUNCTION,RANDOM_DATA,PARAMETER1,PARAMETER2) values (80594902022769013809976979336268732771,'Module Name 2','Module 2',1,80596399521582729207778285598356612651,to_date('16-SEP-16','DD-MON-RR'),'SHUNT','AHV0',null,null,null,null);
Insert into ATAF_DATA_ITEM (DATA_ITEM_ID,DATA_ITEM_NAME,DATA_ITEM_VALUE,DATA_ATTRIBUTE,TEST_DATA_ID,LAST_UPDATED_DATE,LAST_UPDATED_BY,ROW_KEY,DATA_FUNCTION,RANDOM_DATA,PARAMETER1,PARAMETER2) values (80596399521583938133597900227531318827,'Module Name','Module 1',0,80596399521582729207778285598356612651,to_date('16-SEP-16','DD-MON-RR'),'SHUNT','AHVT',null,null,null,null);
Insert into ATAF_DATA_ITEM (DATA_ITEM_ID,DATA_ITEM_NAME,DATA_ITEM_VALUE,DATA_ATTRIBUTE,TEST_DATA_ID,LAST_UPDATED_DATE,LAST_UPDATED_BY,ROW_KEY,DATA_FUNCTION,RANDOM_DATA,PARAMETER1,PARAMETER2) values (80596399521585147059417514856706025003,'Parent Module','index=1',2,80596399521582729207778285598356612651,to_date('16-SEP-16','DD-MON-RR'),'SHUNT','AHV3',null,null,null,null);
Insert into ATAF_DATA_ITEM (DATA_ITEM_ID,DATA_ITEM_NAME,DATA_ITEM_VALUE,DATA_ATTRIBUTE,TEST_DATA_ID,LAST_UPDATED_DATE,LAST_UPDATED_BY,ROW_KEY,DATA_FUNCTION,RANDOM_DATA,PARAMETER1,PARAMETER2) values (80591115633256720367437277232692037388,'Password',null,1,80592143522823018077324075415780039610,to_date('16-SEP-16','DD-MON-RR'),'SHUNT','AHSL',null,null,null,null);
Insert into ATAF_DATA_ITEM (DATA_ITEM_ID,DATA_ITEM_NAME,DATA_ITEM_VALUE,DATA_ATTRIBUTE,TEST_DATA_ID,LAST_UPDATED_DATE,LAST_UPDATED_BY,ROW_KEY,DATA_FUNCTION,RANDOM_DATA,PARAMETER1,PARAMETER2) values (80591115633255511441617662603517331212,'Username',null,0,80592143522823018077324075415780039610,to_date('16-SEP-16','DD-MON-RR'),'SHUNT','AHSK',null,null,null,null);
Insert into ATAF_DATA_ITEM (DATA_ITEM_ID,DATA_ITEM_NAME,DATA_ITEM_VALUE,DATA_ATTRIBUTE,TEST_DATA_ID,LAST_UPDATED_DATE,LAST_UPDATED_BY,ROW_KEY,DATA_FUNCTION,RANDOM_DATA,PARAMETER1,PARAMETER2) values (80596399521576684578680212452483081771,'Domain','www.testdomain.co.uk/',1,80591115633260347144896121120216155916,to_date('16-SEP-16','DD-MON-RR'),'SHUNT','AHUT',null,null,null,null);
Insert into ATAF_DATA_ITEM (DATA_ITEM_ID,DATA_ITEM_NAME,DATA_ITEM_VALUE,DATA_ATTRIBUTE,TEST_DATA_ID,LAST_UPDATED_DATE,LAST_UPDATED_BY,ROW_KEY,DATA_FUNCTION,RANDOM_DATA,PARAMETER1,PARAMETER2) values (80596399521577893504499827081657787947,'Log In Page','1',2,80591115633260347144896121120216155916,to_date('16-SEP-16','DD-MON-RR'),'SHUNT','AHUW',null,null,null,null);
Insert into ATAF_DATA_ITEM (DATA_ITEM_ID,DATA_ITEM_NAME,DATA_ITEM_VALUE,DATA_ATTRIBUTE,TEST_DATA_ID,LAST_UPDATED_DATE,LAST_UPDATED_BY,ROW_KEY,DATA_FUNCTION,RANDOM_DATA,PARAMETER1,PARAMETER2) values (80596399521579102430319441710832494123,'Version','2.65',3,80591115633260347144896121120216155916,to_date('16-SEP-16','DD-MON-RR'),'SHUNT','AHUZ',null,null,null,null);
Insert into ATAF_DATA_ITEM (DATA_ITEM_ID,DATA_ITEM_NAME,DATA_ITEM_VALUE,DATA_ATTRIBUTE,TEST_DATA_ID,LAST_UPDATED_DATE,LAST_UPDATED_BY,ROW_KEY,DATA_FUNCTION,RANDOM_DATA,PARAMETER1,PARAMETER2) values (80596399521581520281958670969181906475,'Application ID','index=0',4,80591115633260347144896121120216155916,to_date('16-SEP-16','DD-MON-RR'),'SHUNT','AHU5',null,null,null,null);
Insert into ATAF_DATA_ITEM (DATA_ITEM_ID,DATA_ITEM_NAME,DATA_ITEM_VALUE,DATA_ATTRIBUTE,TEST_DATA_ID,LAST_UPDATED_DATE,LAST_UPDATED_BY,ROW_KEY,DATA_FUNCTION,RANDOM_DATA,PARAMETER1,PARAMETER2) values (82990560800188838976305645789467976640,'Data Name','ATAF Data NNNNNN',0,80591115633265182848174579636914980620,null,null,'AI4E',14,null,null,null);
Insert into ATAF_DATA_ITEM (DATA_ITEM_ID,DATA_ITEM_NAME,DATA_ITEM_VALUE,DATA_ATTRIBUTE,TEST_DATA_ID,LAST_UPDATED_DATE,LAST_UPDATED_BY,ROW_KEY,DATA_FUNCTION,RANDOM_DATA,PARAMETER1,PARAMETER2) values (86648460970797195116006337161215713613,'Item DOM ID','p1_custom',1,80594902022766595958337750077919320419,null,null,'AJG3',null,null,null,null);
Insert into ATAF_DATA_ITEM (DATA_ITEM_ID,DATA_ITEM_NAME,DATA_ITEM_VALUE,DATA_ATTRIBUTE,TEST_DATA_ID,LAST_UPDATED_DATE,LAST_UPDATED_BY,ROW_KEY,DATA_FUNCTION,RANDOM_DATA,PARAMETER1,PARAMETER2) values (86648460970798404041825951790390419789,'Page ID','5',2,80594902022766595958337750077919320419,null,null,'AJG6',null,null,null,null);
Insert into ATAF_DATA_ITEM (DATA_ITEM_ID,DATA_ITEM_NAME,DATA_ITEM_VALUE,DATA_ATTRIBUTE,TEST_DATA_ID,LAST_UPDATED_DATE,LAST_UPDATED_BY,ROW_KEY,DATA_FUNCTION,RANDOM_DATA,PARAMETER1,PARAMETER2) values (86648460970799612967645566419565125965,'Display Sequence','10',3,80594902022766595958337750077919320419,null,null,'AJG9',null,null,null,null);
Insert into ATAF_DATA_ITEM (DATA_ITEM_ID,DATA_ITEM_NAME,DATA_ITEM_VALUE,DATA_ATTRIBUTE,TEST_DATA_ID,LAST_UPDATED_DATE,LAST_UPDATED_BY,ROW_KEY,DATA_FUNCTION,RANDOM_DATA,PARAMETER1,PARAMETER2) values (86648460970800821893465181048739832141,'Item Label','Custom Item',4,80594902022766595958337750077919320419,null,null,'AJHC',null,null,null,null);
Insert into ATAF_DATA_ITEM (DATA_ITEM_ID,DATA_ITEM_NAME,DATA_ITEM_VALUE,DATA_ATTRIBUTE,TEST_DATA_ID,LAST_UPDATED_DATE,LAST_UPDATED_BY,ROW_KEY,DATA_FUNCTION,RANDOM_DATA,PARAMETER1,PARAMETER2) values (86648460970802030819284795677914538317,'Item Type','index=1',5,80594902022766595958337750077919320419,null,null,'AJHF',null,null,null,null);
Insert into ATAF_DATA_ITEM (DATA_ITEM_ID,DATA_ITEM_NAME,DATA_ITEM_VALUE,DATA_ATTRIBUTE,TEST_DATA_ID,LAST_UPDATED_DATE,LAST_UPDATED_BY,ROW_KEY,DATA_FUNCTION,RANDOM_DATA,PARAMETER1,PARAMETER2) values (82968775805914801579629845850554233529,'Action','Ataf Actio/n UUUNNN',0,80591115633263973922354965007740274444,null,null,'AI08','14',null,'/',null);
Insert into ATAF_DATA_ITEM (DATA_ITEM_ID,DATA_ITEM_NAME,DATA_ITEM_VALUE,DATA_ATTRIBUTE,TEST_DATA_ID,LAST_UPDATED_DATE,LAST_UPDATED_BY,ROW_KEY,DATA_FUNCTION,RANDOM_DATA,PARAMETER1,PARAMETER2) values (82968775805916010505449460479728939705,'Item Type','index=1',1,80591115633263973922354965007740274444,null,null,'AI1B',null,null,null,null);
Insert into ATAF_DATA_ITEM (DATA_ITEM_ID,DATA_ITEM_NAME,DATA_ITEM_VALUE,DATA_ATTRIBUTE,TEST_DATA_ID,LAST_UPDATED_DATE,LAST_UPDATED_BY,ROW_KEY,DATA_FUNCTION,RANDOM_DATA,PARAMETER1,PARAMETER2) values (82968775805917219431269075108903645881,'Script','Click Button',2,80591115633263973922354965007740274444,null,null,'AI1E',null,null,null,null);
Insert into ATAF_DATA_ITEM (DATA_ITEM_ID,DATA_ITEM_NAME,DATA_ITEM_VALUE,DATA_ATTRIBUTE,TEST_DATA_ID,LAST_UPDATED_DATE,LAST_UPDATED_BY,ROW_KEY,DATA_FUNCTION,RANDOM_DATA,PARAMETER1,PARAMETER2) values (86648439892627051008920989731659259746,'Item Name','C/ustom Item NNNNN',0,80594902022766595958337750077919320419,null,null,'AJG0','14',null,'/',null);
Insert into ATAF_DATA_ITEM (DATA_ITEM_ID,DATA_ITEM_NAME,DATA_ITEM_VALUE,DATA_ATTRIBUTE,TEST_DATA_ID,LAST_UPDATED_DATE,LAST_UPDATED_BY,ROW_KEY,DATA_FUNCTION,RANDOM_DATA,PARAMETER1,PARAMETER2) values (82979462715586626677180463728173611762,'Selenium Location','index=1',1,82979256914284835665314223012137259745,null,null,'AI15',null,null,null,null);
Insert into ATAF_DATA_ITEM (DATA_ITEM_ID,DATA_ITEM_NAME,DATA_ITEM_VALUE,DATA_ATTRIBUTE,TEST_DATA_ID,LAST_UPDATED_DATE,LAST_UPDATED_BY,ROW_KEY,DATA_FUNCTION,RANDOM_DATA,PARAMETER1,PARAMETER2) values (82979462715587835603000078357348317938,'Selenium Target','ataf_id',2,82979256914284835665314223012137259745,null,null,'AI18',null,null,null,null);
Insert into ATAF_DATA_ITEM (DATA_ITEM_ID,DATA_ITEM_NAME,DATA_ITEM_VALUE,DATA_ATTRIBUTE,TEST_DATA_ID,LAST_UPDATED_DATE,LAST_UPDATED_BY,ROW_KEY,DATA_FUNCTION,RANDOM_DATA,PARAMETER1,PARAMETER2) values (82979462715589044528819692986523024114,'Apex Item Attribute','index=1',3,82979256914284835665314223012137259745,null,null,'AI2B',null,null,null,null);
Insert into ATAF_DATA_ITEM (DATA_ITEM_ID,DATA_ITEM_NAME,DATA_ITEM_VALUE,DATA_ATTRIBUTE,TEST_DATA_ID,LAST_UPDATED_DATE,LAST_UPDATED_BY,ROW_KEY,DATA_FUNCTION,RANDOM_DATA,PARAMETER1,PARAMETER2) values (82979256914286044591133837641311965921,'Selenium Command','click',0,82979256914284835665314223012137259745,null,null,'AI14',null,null,null,null);
Insert into ATAF_DATA_ITEM (DATA_ITEM_ID,DATA_ITEM_NAME,DATA_ITEM_VALUE,DATA_ATTRIBUTE,TEST_DATA_ID,LAST_UPDATED_DATE,LAST_UPDATED_BY,ROW_KEY,DATA_FUNCTION,RANDOM_DATA,PARAMETER1,PARAMETER2) values (82979256914287253516953452270486672097,'Test Data Value Field','index=1',4,82979256914284835665314223012137259745,null,null,'AI2E',null,null,null,null);


Insert into ATAF_DATA (DATA_ID,ATTRIBUTE_1,ATTRIBUTE_2,ATTRIBUTE_3,ATTRIBUTE_4,ATTRIBUTE_5,ATTRIBUTE_6,ATTRIBUTE_7,ATTRIBUTE_8,ATTRIBUTE_9,ATTRIBUTE_10,LAST_UPDATED_DATE,LAST_UPDATED_BY,ROW_KEY,TEST_DATA_ID,ROW_NAME,DATA_GROUP_ID,ATTRIBUTE_11,ATTRIBUTE_12,ATTRIBUTE_13,ATTRIBUTE_14,ATTRIBUTE_15,ATTRIBUTE_16,ATTRIBUTE_17,ATTRIBUTE_18,ATTRIBUTE_19,ATTRIBUTE_20) values (80591115633257929293256891861866743564,'BASIC_USER','Password1!',null,null,null,null,null,null,null,null,to_date('16-SEP-16','DD-MON-RR'),'SHUNT','AHSM',80592143522823018077324075415780039610,'Basic User',null,null,null,null,null,null,null,null,null,null,null);
Insert into ATAF_DATA (DATA_ID,ATTRIBUTE_1,ATTRIBUTE_2,ATTRIBUTE_3,ATTRIBUTE_4,ATTRIBUTE_5,ATTRIBUTE_6,ATTRIBUTE_7,ATTRIBUTE_8,ATTRIBUTE_9,ATTRIBUTE_10,LAST_UPDATED_DATE,LAST_UPDATED_BY,ROW_KEY,TEST_DATA_ID,ROW_NAME,DATA_GROUP_ID,ATTRIBUTE_11,ATTRIBUTE_12,ATTRIBUTE_13,ATTRIBUTE_14,ATTRIBUTE_15,ATTRIBUTE_16,ATTRIBUTE_17,ATTRIBUTE_18,ATTRIBUTE_19,ATTRIBUTE_20) values (80591115633259138219076506491041449740,'ADMIN_USER','Password1!',null,null,null,null,null,null,null,null,to_date('16-SEP-16','DD-MON-RR'),'SHUNT','AHSN',80592143522823018077324075415780039610,'Admin User',null,null,null,null,null,null,null,null,null,null,null);

------------------------
-- Sample Application --
------------------------

--Insert into ATAF_PROJECT (PROJECT_ID,PROJECT_NAME,APPLICATION_ID,DOMAIN,LOGIN_PAGE,VERSION,LAST_UPDATED_DATE,LAST_UPDATED_BY,ACCESS_RESTRICTIONS,OWNER,UPLOAD_RESULTS_SCRIPT,PRE_UPLOAD_SCRIPT,POST_UPLOAD_SCRIPT) values (8793,'Sample Application',115,'https://apex1uk.revion.com',null,null,to_date('02-JUL-16','DD-MON-RR'),'ADMIN_USER',null,'ADMIN_USER',null,null,null);

--Insert into ATAF_MODULE (MODULE_ID,MODULE,PROJECT_ID,MODULE_REF_ID,LAST_UPDATED_DATE,LAST_UPDATED_BY) values (9094,'Customers',8793,null,to_date('14-JUL-16','DD-MON-RR'),'DEMO');
--Insert into ATAF_MODULE (MODULE_ID,MODULE,PROJECT_ID,MODULE_REF_ID,LAST_UPDATED_DATE,LAST_UPDATED_BY) values (8975,'Orders',8793,null,to_date('03-JUL-16','DD-MON-RR'),'DEMO');
--Insert into ATAF_MODULE (MODULE_ID,MODULE,PROJECT_ID,MODULE_REF_ID,LAST_UPDATED_DATE,LAST_UPDATED_BY) values (9098,'Products',8793,null,to_date('15-JUL-16','DD-MON-RR'),'DEMO');
--Insert into ATAF_MODULE (MODULE_ID,MODULE,PROJECT_ID,MODULE_REF_ID,LAST_UPDATED_DATE,LAST_UPDATED_BY) values (8794,'General',8793,null,to_date('02-JUL-16','DD-MON-RR'),'DEMO');


--Insert into ATAF_ACTION (ACTION_ID,ITEM_TYPE,ACTION,PROJECT_ID,LAST_UPDATED_BY,LAST_UPDATED_DATE,ROW_KEY,SCRIPT,DATA_YN,NOTES,AND_WAIT) values (72683486530615279497697712312748933697,'Outcome','Branch to Page no Verify Title',8793,'DEMO',to_date('02-JUL-16','DD-MON-RR'),'AG25','Branch to Page #OUTCOME PAGE ID#',null,'Branches to another page and adds a "wait for page load" to the action. ','Y');
--Insert into ATAF_ACTION (ACTION_ID,ITEM_TYPE,ACTION,PROJECT_ID,LAST_UPDATED_BY,LAST_UPDATED_DATE,ROW_KEY,SCRIPT,DATA_YN,NOTES,AND_WAIT) values (72729792536032734120772063292804112006,'Report Column','Click Report Column by Row - Uses ID',8793,'DEMO',to_date('03-JUL-16','DD-MON-RR'),'AG5C','In the region ''#REGION NAME#'' click row #ROW# in the report column ''#NAME#''',null,'Clicks a report column link or image contained in the anchor tag of the table cell. An outcome is required and the row should be specified.',null);

--Insert into ATAF_SELENIUM (SELENIUM_ID,SELENIUM_COMMAND,ACTION_ID,DATA_YN,LOCATION,TARGET,ITEM_ATTRIBUTE,ROW_KEY,SORT_ORDER,LAST_UPDATED_DATE,LAST_UPDATED_BY,ROW_VERSION_NUMBER,THEME_NUMBER) values (72683486530616488423517326941923639873,'pause',72683486530615279497697712312748933697,'N',null,'3000',null,'AG26',0,to_date('02-JUL-16','DD-MON-RR'),'DEMO',2,42);
--Insert into ATAF_SELENIUM (SELENIUM_ID,SELENIUM_COMMAND,ACTION_ID,DATA_YN,LOCATION,TARGET,ITEM_ATTRIBUTE,ROW_KEY,SORT_ORDER,LAST_UPDATED_DATE,LAST_UPDATED_BY,ROW_VERSION_NUMBER,THEME_NUMBER) values (72729792536033943046591677921978818182,'click',72729792536032734120772063292804112006,'N','xpath','(//td[contains(@headers, ''#ID#'')]/a)[#ROW#]','Target','AG5D',0,to_date('03-JUL-16','DD-MON-RR'),'DEMO',2,42);

--Insert into ATAF_TEST_DATA (TEST_DATA_ID,DATA_NAME,PROJECT_ID,LAST_UPDATED_DATE,LAST_UPDATED_BY,ROW_KEY,DEFAULT_DATA_GROUP_ID) values (74130330664881397235650487287484326866,'Products',8793,to_date('16-JUL-16','DD-MON-RR'),'DEMO','AHCM',null);
--Insert into ATAF_TEST_DATA (TEST_DATA_ID,DATA_NAME,PROJECT_ID,LAST_UPDATED_DATE,LAST_UPDATED_BY,ROW_KEY,DEFAULT_DATA_GROUP_ID) values (72683381639915046630888854087548656176,'Users',8793,to_date('02-JUL-16','DD-MON-RR'),'DEMO','AG2M',null);
--Insert into ATAF_TEST_DATA (TEST_DATA_ID,DATA_NAME,PROJECT_ID,LAST_UPDATED_DATE,LAST_UPDATED_BY,ROW_KEY,DEFAULT_DATA_GROUP_ID) values (74205418474343604580837572527886038412,'Customer',8793,to_date('17-JUL-16','DD-MON-RR'),'DEMO','AHEG',null);
--Insert into ATAF_TEST_DATA (TEST_DATA_ID,DATA_NAME,PROJECT_ID,LAST_UPDATED_DATE,LAST_UPDATED_BY,ROW_KEY,DEFAULT_DATA_GROUP_ID) values (72760563846242159741119469367065950279,'Order with Customer',8793,to_date('03-JUL-16','DD-MON-RR'),'DEMO','AG7Q',null);
--Insert into ATAF_TEST_DATA (TEST_DATA_ID,DATA_NAME,PROJECT_ID,LAST_UPDATED_DATE,LAST_UPDATED_BY,ROW_KEY,DEFAULT_DATA_GROUP_ID) values (76651695970445366410576782179089895754,'Results FIle',8793,to_date('09-AUG-16','DD-MON-RR'),'DEMO','AHJB',null);

--Insert into ATAF_DATA_GROUPS (DATA_GROUP_ID,DATA_GROUP,TEST_DATA_ID) values (161,'ERROR',74205418474343604580837572527886038412);
--Insert into ATAF_DATA_GROUPS (DATA_GROUP_ID,DATA_GROUP,TEST_DATA_ID) values (162,'NON ERROR',74205418474343604580837572527886038412);

--Update ATAF_TEST_DATA set DEFAULT_DATA_GROUP_ID = 162 WHERE test_data_id = 74205418474343604580837572527886038412;

--Insert into ATAF_DATA_ITEM (DATA_ITEM_ID,DATA_ITEM_NAME,DATA_ITEM_VALUE,DATA_ATTRIBUTE,TEST_DATA_ID,LAST_UPDATED_DATE,LAST_UPDATED_BY,ROW_KEY,DATA_FUNCTION,RANDOM_DATA,PARAMETER1,PARAMETER2) values (72683486530614070571878097683574227521,'Password','demo',1,72683381639915046630888854087548656176,to_date('02-JUL-16','DD-MON-RR'),'DEMO','AG2W',null,null,null,null);
--Insert into ATAF_DATA_ITEM (DATA_ITEM_ID,DATA_ITEM_NAME,DATA_ITEM_VALUE,DATA_ATTRIBUTE,TEST_DATA_ID,LAST_UPDATED_DATE,LAST_UPDATED_BY,ROW_KEY,DATA_FUNCTION,RANDOM_DATA,PARAMETER1,PARAMETER2) values (72683486530612861646058483054399521345,'Username','demo',0,72683381639915046630888854087548656176,to_date('02-JUL-16','DD-MON-RR'),'DEMO','AG2T',null,null,null,null);
--Insert into ATAF_DATA_ITEM (DATA_ITEM_ID,DATA_ITEM_NAME,DATA_ITEM_VALUE,DATA_ATTRIBUTE,TEST_DATA_ID,LAST_UPDATED_DATE,LAST_UPDATED_BY,ROW_KEY,DATA_FUNCTION,RANDOM_DATA,PARAMETER1,PARAMETER2) values (74130551145120656298734368197476467720,'Product Category','index=1',2,74130330664881397235650487287484326866,to_date('16-JUL-16','DD-MON-RR'),'DEMO','AHC4',null,null,null,null);
--Insert into ATAF_DATA_ITEM (DATA_ITEM_ID,DATA_ITEM_NAME,DATA_ITEM_VALUE,DATA_ATTRIBUTE,TEST_DATA_ID,LAST_UPDATED_DATE,LAST_UPDATED_BY,ROW_KEY,DATA_FUNCTION,RANDOM_DATA,PARAMETER1,PARAMETER2) values (74130551145121865224553982826651173896,'Product Available','0',3,74130330664881397235650487287484326866,to_date('16-JUL-16','DD-MON-RR'),'DEMO','AHC7',null,null,null,null);
--Insert into ATAF_DATA_ITEM (DATA_ITEM_ID,DATA_ITEM_NAME,DATA_ITEM_VALUE,DATA_ATTRIBUTE,TEST_DATA_ID,LAST_UPDATED_DATE,LAST_UPDATED_BY,ROW_KEY,DATA_FUNCTION,RANDOM_DATA,PARAMETER1,PARAMETER2) values (74130551145123074150373597455825880072,'List Price','20.53',4,74130330664881397235650487287484326866,to_date('16-JUL-16','DD-MON-RR'),'DEMO','AHDA',null,null,null,null);
--Insert into ATAF_DATA_ITEM (DATA_ITEM_ID,DATA_ITEM_NAME,DATA_ITEM_VALUE,DATA_ATTRIBUTE,TEST_DATA_ID,LAST_UPDATED_DATE,LAST_UPDATED_BY,ROW_KEY,DATA_FUNCTION,RANDOM_DATA,PARAMETER1,PARAMETER2) values (74130551145124283076193212085000586248,'Image File','C:\Users\ATAF\Pictures\hat.png',5,74130330664881397235650487287484326866,to_date('16-JUL-16','DD-MON-RR'),'DEMO','AHDD',null,null,null,null);
--Insert into ATAF_DATA_ITEM (DATA_ITEM_ID,DATA_ITEM_NAME,DATA_ITEM_VALUE,DATA_ATTRIBUTE,TEST_DATA_ID,LAST_UPDATED_DATE,LAST_UPDATED_BY,ROW_KEY,DATA_FUNCTION,RANDOM_DATA,PARAMETER1,PARAMETER2) values (74130330664882606161470101916659033042,'Product Name','Hat NNN',0,74130330664881397235650487287484326866,to_date('16-JUL-16','DD-MON-RR'),'DEMO','AHCY',14,null,null,null);
--Insert into ATAF_DATA_ITEM (DATA_ITEM_ID,DATA_ITEM_NAME,DATA_ITEM_VALUE,DATA_ATTRIBUTE,TEST_DATA_ID,LAST_UPDATED_DATE,LAST_UPDATED_BY,ROW_KEY,DATA_FUNCTION,RANDOM_DATA,PARAMETER1,PARAMETER2) values (74130551145119447372914753568301761544,'Product Description','Large Hat',1,74130330664881397235650487287484326866,to_date('16-JUL-16','DD-MON-RR'),'DEMO','AHC1',null,null,null,null);
--Insert into ATAF_DATA_ITEM (DATA_ITEM_ID,DATA_ITEM_NAME,DATA_ITEM_VALUE,DATA_ATTRIBUTE,TEST_DATA_ID,LAST_UPDATED_DATE,LAST_UPDATED_BY,ROW_KEY,DATA_FUNCTION,RANDOM_DATA,PARAMETER1,PARAMETER2) values (74130330664883815087289716545833739218,'Tags','Test',6,74130330664881397235650487287484326866,to_date('16-JUL-16','DD-MON-RR'),'DEMO','AHDG',null,null,null,null);
--Insert into ATAF_DATA_ITEM (DATA_ITEM_ID,DATA_ITEM_NAME,DATA_ITEM_VALUE,DATA_ATTRIBUTE,TEST_DATA_ID,LAST_UPDATED_DATE,LAST_UPDATED_BY,ROW_KEY,DATA_FUNCTION,RANDOM_DATA,PARAMETER1,PARAMETER2) values (74197967776255958217921047360095751561,'Store Save Value','STORE',7,74130330664881397235650487287484326866,to_date('17-JUL-16','DD-MON-RR'),'DEMO','AHEC',null,null,null,null);
--Insert into ATAF_DATA_ITEM (DATA_ITEM_ID,DATA_ITEM_NAME,DATA_ITEM_VALUE,DATA_ATTRIBUTE,TEST_DATA_ID,LAST_UPDATED_DATE,LAST_UPDATED_BY,ROW_KEY,DATA_FUNCTION,RANDOM_DATA,PARAMETER1,PARAMETER2) values (74197967776257167143740661989270457737,'Store Return Value','${STORE}',8,74130330664881397235650487287484326866,to_date('17-JUL-16','DD-MON-RR'),'DEMO','AHED',null,null,null,null);
--Insert into ATAF_DATA_ITEM (DATA_ITEM_ID,DATA_ITEM_NAME,DATA_ITEM_VALUE,DATA_ATTRIBUTE,TEST_DATA_ID,LAST_UPDATED_DATE,LAST_UPDATED_BY,ROW_KEY,DATA_FUNCTION,RANDOM_DATA,PARAMETER1,PARAMETER2) values (74204712493191231420843389137093728536,'Address 1','52 Festive Road',3,74205418474343604580837572527886038412,to_date('17-JUL-16','DD-MON-RR'),'DEMO','AHE1',null,null,null,null);
--Insert into ATAF_DATA_ITEM (DATA_ITEM_ID,DATA_ITEM_NAME,DATA_ITEM_VALUE,DATA_ATTRIBUTE,TEST_DATA_ID,LAST_UPDATED_DATE,LAST_UPDATED_BY,ROW_KEY,DATA_FUNCTION,RANDOM_DATA,PARAMETER1,PARAMETER2) values (74204712493192440346663003766268434712,'Address 2',null,4,74205418474343604580837572527886038412,to_date('17-JUL-16','DD-MON-RR'),'DEMO','AHE4',null,null,null,null);
--Insert into ATAF_DATA_ITEM (DATA_ITEM_ID,DATA_ITEM_NAME,DATA_ITEM_VALUE,DATA_ATTRIBUTE,TEST_DATA_ID,LAST_UPDATED_DATE,LAST_UPDATED_BY,ROW_KEY,DATA_FUNCTION,RANDOM_DATA,PARAMETER1,PARAMETER2) values (74204712493193649272482618395443140888,'Address 3','London',5,74205418474343604580837572527886038412,to_date('17-JUL-16','DD-MON-RR'),'DEMO','AHE7',null,null,null,null);
--Insert into ATAF_DATA_ITEM (DATA_ITEM_ID,DATA_ITEM_NAME,DATA_ITEM_VALUE,DATA_ATTRIBUTE,TEST_DATA_ID,LAST_UPDATED_DATE,LAST_UPDATED_BY,ROW_KEY,DATA_FUNCTION,RANDOM_DATA,PARAMETER1,PARAMETER2) values (74204712493194858198302233024617847064,'State','index=3',6,74205418474343604580837572527886038412,to_date('17-JUL-16','DD-MON-RR'),'DEMO','AHFA',null,null,null,null);
--Insert into ATAF_DATA_ITEM (DATA_ITEM_ID,DATA_ITEM_NAME,DATA_ITEM_VALUE,DATA_ATTRIBUTE,TEST_DATA_ID,LAST_UPDATED_DATE,LAST_UPDATED_BY,ROW_KEY,DATA_FUNCTION,RANDOM_DATA,PARAMETER1,PARAMETER2) values (74204712493196067124121847653792553240,'Postal Code','NNNNNN',7,74205418474343604580837572527886038412,to_date('17-JUL-16','DD-MON-RR'),'DEMO','AHFD',14,null,null,null);
--Insert into ATAF_DATA_ITEM (DATA_ITEM_ID,DATA_ITEM_NAME,DATA_ITEM_VALUE,DATA_ATTRIBUTE,TEST_DATA_ID,LAST_UPDATED_DATE,LAST_UPDATED_BY,ROW_KEY,DATA_FUNCTION,RANDOM_DATA,PARAMETER1,PARAMETER2) values (74204712493197276049941462282967259416,'Credit Limit','5000',8,74205418474343604580837572527886038412,to_date('17-JUL-16','DD-MON-RR'),'DEMO','AHFG',13,null,'100','9999');
--Insert into ATAF_DATA_ITEM (DATA_ITEM_ID,DATA_ITEM_NAME,DATA_ITEM_VALUE,DATA_ATTRIBUTE,TEST_DATA_ID,LAST_UPDATED_DATE,LAST_UPDATED_BY,ROW_KEY,DATA_FUNCTION,RANDOM_DATA,PARAMETER1,PARAMETER2) values (74204712493198484975761076912141965592,'Phone Number','NNN-NNN-NNNN',9,74205418474343604580837572527886038412,to_date('17-JUL-16','DD-MON-RR'),'DEMO','AHFJ',14,null,null,null);
--Insert into ATAF_DATA_ITEM (DATA_ITEM_ID,DATA_ITEM_NAME,DATA_ITEM_VALUE,DATA_ATTRIBUTE,TEST_DATA_ID,LAST_UPDATED_DATE,LAST_UPDATED_BY,ROW_KEY,DATA_FUNCTION,RANDOM_DATA,PARAMETER1,PARAMETER2) values (74204712493199693901580691541316671768,'Alternative Phone Number','NNN-NNN-NNNN',10,74205418474343604580837572527886038412,to_date('17-JUL-16','DD-MON-RR'),'DEMO','AHFM',14,null,null,null);
--Insert into ATAF_DATA_ITEM (DATA_ITEM_ID,DATA_ITEM_NAME,DATA_ITEM_VALUE,DATA_ATTRIBUTE,TEST_DATA_ID,LAST_UPDATED_DATE,LAST_UPDATED_BY,ROW_KEY,DATA_FUNCTION,RANDOM_DATA,PARAMETER1,PARAMETER2) values (74205418474344813506657187157060744588,'First Name','John',0,74205418474343604580837572527886038412,to_date('17-JUL-16','DD-MON-RR'),'DEMO','AHES',null,null,null,null);
--Insert into ATAF_DATA_ITEM (DATA_ITEM_ID,DATA_ITEM_NAME,DATA_ITEM_VALUE,DATA_ATTRIBUTE,TEST_DATA_ID,LAST_UPDATED_DATE,LAST_UPDATED_BY,ROW_KEY,DATA_FUNCTION,RANDOM_DATA,PARAMETER1,PARAMETER2) values (74205418474346022432476801786235450764,'Last Name','SmithNNNN',1,74205418474343604580837572527886038412,to_date('17-JUL-16','DD-MON-RR'),'DEMO','AHEV',14,null,null,null);
--Insert into ATAF_DATA_ITEM (DATA_ITEM_ID,DATA_ITEM_NAME,DATA_ITEM_VALUE,DATA_ATTRIBUTE,TEST_DATA_ID,LAST_UPDATED_DATE,LAST_UPDATED_BY,ROW_KEY,DATA_FUNCTION,RANDOM_DATA,PARAMETER1,PARAMETER2) values (74205418474347231358296416415410156940,'Store Value','NAME',2,74205418474343604580837572527886038412,to_date('17-JUL-16','DD-MON-RR'),'DEMO','AHEY',null,null,null,null);
--Insert into ATAF_DATA_ITEM (DATA_ITEM_ID,DATA_ITEM_NAME,DATA_ITEM_VALUE,DATA_ATTRIBUTE,TEST_DATA_ID,LAST_UPDATED_DATE,LAST_UPDATED_BY,ROW_KEY,DATA_FUNCTION,RANDOM_DATA,PARAMETER1,PARAMETER2) values (74205418474348440284116031044584863116,'Email','llllll@llllllllllllllllllll.com',11,74205418474343604580837572527886038412,to_date('17-JUL-16','DD-MON-RR'),'DEMO','AHFP',14,null,null,null);
--Insert into ATAF_DATA_ITEM (DATA_ITEM_ID,DATA_ITEM_NAME,DATA_ITEM_VALUE,DATA_ATTRIBUTE,TEST_DATA_ID,LAST_UPDATED_DATE,LAST_UPDATED_BY,ROW_KEY,DATA_FUNCTION,RANDOM_DATA,PARAMETER1,PARAMETER2) values (74205418474349649209935645673759569292,'URL','www.lllllllllllllllllllllllll.com',12,74205418474343604580837572527886038412,to_date('17-JUL-16','DD-MON-RR'),'DEMO','AHFS',14,null,null,null);
--Insert into ATAF_DATA_ITEM (DATA_ITEM_ID,DATA_ITEM_NAME,DATA_ITEM_VALUE,DATA_ATTRIBUTE,TEST_DATA_ID,LAST_UPDATED_DATE,LAST_UPDATED_BY,ROW_KEY,DATA_FUNCTION,RANDOM_DATA,PARAMETER1,PARAMETER2) values (74205418474350858135755260302934275468,'Tags','SMITHS',13,74205418474343604580837572527886038412,to_date('17-JUL-16','DD-MON-RR'),'DEMO','AHFV',null,null,null,null);
--Insert into ATAF_DATA_ITEM (DATA_ITEM_ID,DATA_ITEM_NAME,DATA_ITEM_VALUE,DATA_ATTRIBUTE,TEST_DATA_ID,LAST_UPDATED_DATE,LAST_UPDATED_BY,ROW_KEY,DATA_FUNCTION,RANDOM_DATA,PARAMETER1,PARAMETER2) values (74210170196950871021182795050600699759,'Return Value','${NAME}',14,74205418474343604580837572527886038412,to_date('17-JUL-16','DD-MON-RR'),'DEMO','AHF0',null,null,null,null);
--Insert into ATAF_DATA_ITEM (DATA_ITEM_ID,DATA_ITEM_NAME,DATA_ITEM_VALUE,DATA_ATTRIBUTE,TEST_DATA_ID,LAST_UPDATED_DATE,LAST_UPDATED_BY,ROW_KEY,DATA_FUNCTION,RANDOM_DATA,PARAMETER1,PARAMETER2) values (72760563846244577592758698625415362631,'Last Name','SmithNNNN',1,72760563846242159741119469367065950279,to_date('03-JUL-16','DD-MON-RR'),'DEMO','AG77',14,null,null,null);
--Insert into ATAF_DATA_ITEM (DATA_ITEM_ID,DATA_ITEM_NAME,DATA_ITEM_VALUE,DATA_ATTRIBUTE,TEST_DATA_ID,LAST_UPDATED_DATE,LAST_UPDATED_BY,ROW_KEY,DATA_FUNCTION,RANDOM_DATA,PARAMETER1,PARAMETER2) values (72760563846245786518578313254590068807,'State','Alaska',2,72760563846242159741119469367065950279,to_date('03-JUL-16','DD-MON-RR'),'DEMO','AG8A',null,null,null,null);
--Insert into ATAF_DATA_ITEM (DATA_ITEM_ID,DATA_ITEM_NAME,DATA_ITEM_VALUE,DATA_ATTRIBUTE,TEST_DATA_ID,LAST_UPDATED_DATE,LAST_UPDATED_BY,ROW_KEY,DATA_FUNCTION,RANDOM_DATA,PARAMETER1,PARAMETER2) values (72760563846243368666939083996240656455,'First Name','John',0,72760563846242159741119469367065950279,to_date('03-JUL-16','DD-MON-RR'),'DEMO','AG74',null,null,null,null);
--Insert into ATAF_DATA_ITEM (DATA_ITEM_ID,DATA_ITEM_NAME,DATA_ITEM_VALUE,DATA_ATTRIBUTE,TEST_DATA_ID,LAST_UPDATED_DATE,LAST_UPDATED_BY,ROW_KEY,DATA_FUNCTION,RANDOM_DATA,PARAMETER1,PARAMETER2) values (72760563846246995444397927883764774983,'Postal Code','NNNNNN',3,72760563846242159741119469367065950279,to_date('03-JUL-16','DD-MON-RR'),'DEMO','AG8D',14,null,null,null);
--Insert into ATAF_DATA_ITEM (DATA_ITEM_ID,DATA_ITEM_NAME,DATA_ITEM_VALUE,DATA_ATTRIBUTE,TEST_DATA_ID,LAST_UPDATED_DATE,LAST_UPDATED_BY,ROW_KEY,DATA_FUNCTION,RANDOM_DATA,PARAMETER1,PARAMETER2) values (72760563846248204370217542512939481159,'Credit Limit','5000',4,72760563846242159741119469367065950279,to_date('03-JUL-16','DD-MON-RR'),'DEMO','AG8G',13,null,'1','99999');
--Insert into ATAF_DATA_ITEM (DATA_ITEM_ID,DATA_ITEM_NAME,DATA_ITEM_VALUE,DATA_ATTRIBUTE,TEST_DATA_ID,LAST_UPDATED_DATE,LAST_UPDATED_BY,ROW_KEY,DATA_FUNCTION,RANDOM_DATA,PARAMETER1,PARAMETER2) values (72760563846249413296037157142114187335,'Add To Cart 1','label=3',5,72760563846242159741119469367065950279,to_date('03-JUL-16','DD-MON-RR'),'DEMO','AG8L',null,null,null,null);
--Insert into ATAF_DATA_ITEM (DATA_ITEM_ID,DATA_ITEM_NAME,DATA_ITEM_VALUE,DATA_ATTRIBUTE,TEST_DATA_ID,LAST_UPDATED_DATE,LAST_UPDATED_BY,ROW_KEY,DATA_FUNCTION,RANDOM_DATA,PARAMETER1,PARAMETER2) values (72760563846250622221856771771288893511,'Add To Cart 2','label=5',6,72760563846242159741119469367065950279,to_date('03-JUL-16','DD-MON-RR'),'DEMO','AG8O',null,null,null,null);
--Insert into ATAF_DATA_ITEM (DATA_ITEM_ID,DATA_ITEM_NAME,DATA_ITEM_VALUE,DATA_ATTRIBUTE,TEST_DATA_ID,LAST_UPDATED_DATE,LAST_UPDATED_BY,ROW_KEY,DATA_FUNCTION,RANDOM_DATA,PARAMETER1,PARAMETER2) values (72760563846251831147676386400463599687,'Add To Cart 3','label=2',7,72760563846242159741119469367065950279,to_date('03-JUL-16','DD-MON-RR'),'DEMO','AG8R',null,null,null,null);
--Insert into ATAF_DATA_ITEM (DATA_ITEM_ID,DATA_ITEM_NAME,DATA_ITEM_VALUE,DATA_ATTRIBUTE,TEST_DATA_ID,LAST_UPDATED_DATE,LAST_UPDATED_BY,ROW_KEY,DATA_FUNCTION,RANDOM_DATA,PARAMETER1,PARAMETER2) values (72760563846253040073496001029638305863,'Tags','Test',8,72760563846242159741119469367065950279,to_date('03-JUL-16','DD-MON-RR'),'DEMO','AG82',null,null,null,null);

--Insert into ATAF_DATA (DATA_ID,ATTRIBUTE_1,ATTRIBUTE_2,ATTRIBUTE_3,ATTRIBUTE_4,ATTRIBUTE_5,ATTRIBUTE_6,ATTRIBUTE_7,ATTRIBUTE_8,ATTRIBUTE_9,ATTRIBUTE_10,LAST_UPDATED_DATE,LAST_UPDATED_BY,ROW_KEY,TEST_DATA_ID,ROW_NAME,DATA_GROUP_ID,ATTRIBUTE_11,ATTRIBUTE_12,ATTRIBUTE_13,ATTRIBUTE_14,ATTRIBUTE_15,ATTRIBUTE_16,ATTRIBUTE_17,ATTRIBUTE_18,ATTRIBUTE_19,ATTRIBUTE_20) values (74130551145131536631110899860048823304,'Hat NNNN','xyz','index=1','0','50','C:\Users\ATAF\Pictures\hat.png','hat','HAT','${HAT}',null,to_date('16-JUL-16','DD-MON-RR'),'DEMO','AHD9',74130330664881397235650487287484326866,'Hat',null,null,null,null,null,null,null,null,null,null,null);
--Insert into ATAF_DATA (DATA_ID,ATTRIBUTE_1,ATTRIBUTE_2,ATTRIBUTE_3,ATTRIBUTE_4,ATTRIBUTE_5,ATTRIBUTE_6,ATTRIBUTE_7,ATTRIBUTE_8,ATTRIBUTE_9,ATTRIBUTE_10,LAST_UPDATED_DATE,LAST_UPDATED_BY,ROW_KEY,TEST_DATA_ID,ROW_NAME,DATA_GROUP_ID,ATTRIBUTE_11,ATTRIBUTE_12,ATTRIBUTE_13,ATTRIBUTE_14,ATTRIBUTE_15,ATTRIBUTE_16,ATTRIBUTE_17,ATTRIBUTE_18,ATTRIBUTE_19,ATTRIBUTE_20) values (74130551145132745556930514489223529480,'Socks NNNN','Abc','index=1','1','20','C:\Users\ATAF\Pictures\socks.jpg','shoe','SHOE','${SHOE}',null,to_date('16-JUL-16','DD-MON-RR'),'DEMO','AHEA',74130330664881397235650487287484326866,'Socks',null,null,null,null,null,null,null,null,null,null,null);
--Insert into ATAF_DATA (DATA_ID,ATTRIBUTE_1,ATTRIBUTE_2,ATTRIBUTE_3,ATTRIBUTE_4,ATTRIBUTE_5,ATTRIBUTE_6,ATTRIBUTE_7,ATTRIBUTE_8,ATTRIBUTE_9,ATTRIBUTE_10,LAST_UPDATED_DATE,LAST_UPDATED_BY,ROW_KEY,TEST_DATA_ID,ROW_NAME,DATA_GROUP_ID,ATTRIBUTE_11,ATTRIBUTE_12,ATTRIBUTE_13,ATTRIBUTE_14,ATTRIBUTE_15,ATTRIBUTE_16,ATTRIBUTE_17,ATTRIBUTE_18,ATTRIBUTE_19,ATTRIBUTE_20) values (74130551145133954482750129118398235656,'Jeans NNNN','htd','index=0','1','30','?C:\Users\ATAF\Pictures\jeans.jpg','pants','PANTS','${PANTS}',null,to_date('16-JUL-16','DD-MON-RR'),'DEMO','AHEB',74130330664881397235650487287484326866,'Jeans',null,null,null,null,null,null,null,null,null,null,null);
--Insert into ATAF_DATA (DATA_ID,ATTRIBUTE_1,ATTRIBUTE_2,ATTRIBUTE_3,ATTRIBUTE_4,ATTRIBUTE_5,ATTRIBUTE_6,ATTRIBUTE_7,ATTRIBUTE_8,ATTRIBUTE_9,ATTRIBUTE_10,LAST_UPDATED_DATE,LAST_UPDATED_BY,ROW_KEY,TEST_DATA_ID,ROW_NAME,DATA_GROUP_ID,ATTRIBUTE_11,ATTRIBUTE_12,ATTRIBUTE_13,ATTRIBUTE_14,ATTRIBUTE_15,ATTRIBUTE_16,ATTRIBUTE_17,ATTRIBUTE_18,ATTRIBUTE_19,ATTRIBUTE_20) values (74237014141567140398904121664954779271,'Gail','JonesNNNN','JONES','The Big House','London Road','Hertford','index=9','NNNNNN','4000','NNN-NNN-NNNN',to_date('17-JUL-16','DD-MON-RR'),'DEMO','AHGN',74205418474343604580837572527886038412,'Jones',162,'NNN-NNN-NNNN','me@me.com',null,'TEST','${JONES}',null,null,null,null,null);
--Insert into ATAF_DATA (DATA_ID,ATTRIBUTE_1,ATTRIBUTE_2,ATTRIBUTE_3,ATTRIBUTE_4,ATTRIBUTE_5,ATTRIBUTE_6,ATTRIBUTE_7,ATTRIBUTE_8,ATTRIBUTE_9,ATTRIBUTE_10,LAST_UPDATED_DATE,LAST_UPDATED_BY,ROW_KEY,TEST_DATA_ID,ROW_NAME,DATA_GROUP_ID,ATTRIBUTE_11,ATTRIBUTE_12,ATTRIBUTE_13,ATTRIBUTE_14,ATTRIBUTE_15,ATTRIBUTE_16,ATTRIBUTE_17,ATTRIBUTE_18,ATTRIBUTE_19,ATTRIBUTE_20) values (74237014141568349324723736294129485447,'Toby','TrotterNNNN','TROTTER','10 St Albans Rd',null,'Newbury','index=8','NNNNNNN','1000','NNNN-NNN-NNN',to_date('17-JUL-16','DD-MON-RR'),'DEMO','AHGO',74205418474343604580837572527886038412,'Trotter',161,'NNNN-NNN-NNN','mywholefamily@verylongdomainandemail.test.org','urlwithoutwww.net',null,'${TROTTER}',null,null,null,null,null);
--Insert into ATAF_DATA (DATA_ID,ATTRIBUTE_1,ATTRIBUTE_2,ATTRIBUTE_3,ATTRIBUTE_4,ATTRIBUTE_5,ATTRIBUTE_6,ATTRIBUTE_7,ATTRIBUTE_8,ATTRIBUTE_9,ATTRIBUTE_10,LAST_UPDATED_DATE,LAST_UPDATED_BY,ROW_KEY,TEST_DATA_ID,ROW_NAME,DATA_GROUP_ID,ATTRIBUTE_11,ATTRIBUTE_12,ATTRIBUTE_13,ATTRIBUTE_14,ATTRIBUTE_15,ATTRIBUTE_16,ATTRIBUTE_17,ATTRIBUTE_18,ATTRIBUTE_19,ATTRIBUTE_20) values (74237014141569558250543350923304191623,'James','FullerNNNN','FULLER','5 High Street',null,'Portsmouth','index=3','NNNNN','3000','NNN-NNN-NNNN',to_date('17-JUL-16','DD-MON-RR'),'DEMO','AHGP',74205418474343604580837572527886038412,'Fuller',162,'NNN-NNN-NNNN','incorrectemail.co.me',null,null,'${FULLER}',null,null,null,null,null);
--Insert into ATAF_DATA (DATA_ID,ATTRIBUTE_1,ATTRIBUTE_2,ATTRIBUTE_3,ATTRIBUTE_4,ATTRIBUTE_5,ATTRIBUTE_6,ATTRIBUTE_7,ATTRIBUTE_8,ATTRIBUTE_9,ATTRIBUTE_10,LAST_UPDATED_DATE,LAST_UPDATED_BY,ROW_KEY,TEST_DATA_ID,ROW_NAME,DATA_GROUP_ID,ATTRIBUTE_11,ATTRIBUTE_12,ATTRIBUTE_13,ATTRIBUTE_14,ATTRIBUTE_15,ATTRIBUTE_16,ATTRIBUTE_17,ATTRIBUTE_18,ATTRIBUTE_19,ATTRIBUTE_20) values (74965457965636342977008768072839162351,'John','SmithNNNN','SMITH','101 Old Park Ave',null,'Aldershot','index=7','NNNNNN','500','NNNN-NNN-NNN',to_date('24-JUL-16','DD-MON-RR'),'DEMO','AHG0',74205418474343604580837572527886038412,'Smith',161,'NNNN-NNN-NNN','xqz@oracle.com',null,'TEST','${SMITH}',null,null,null,null,null);
